region_id,site,year,contam,c_status
1,Aviation 01,2008,pb,0.001
1,Aviation 01,2008,as,0.001
1,Aviation 01,2008,co,0.001
1,Aviation 01,2008,cr,0.7108108108108109
1,Aviation 01,2008,cu,0.001
1,Aviation 01,2008,sb,0.001
1,Aviation 01,2008,zn,0.001
1,Aviation 01,2008,ni,0.001
1,Aviation 01,2008,mn,0.001
1,Aviation 02,2008,pb,0.001
1,Aviation 02,2008,as,0.001
1,Aviation 02,2008,co,0.001
1,Aviation 02,2008,cr,0.7108108108108109
1,Aviation 02,2008,cu,0.001
1,Aviation 02,2008,sb,0.001
1,Aviation 02,2008,zn,0.001
1,Aviation 02,2008,ni,0.001
1,Aviation 02,2008,mn,0.001
1,Aviation 03,2008,pb,0.001
1,Aviation 03,2008,as,0.001
1,Aviation 03,2008,co,0.001
1,Aviation 03,2008,cr,0.6621621621621622
1,Aviation 03,2008,cu,0.001
1,Aviation 03,2008,sb,0.001
1,Aviation 03,2008,zn,0.3588709677419355
1,Aviation 03,2008,ni,0.001
1,Aviation 03,2008,mn,0.001
1,Aviation 04,2008,pb,0.001
1,Aviation 04,2008,as,0.001
1,Aviation 04,2008,co,0.001
1,Aviation 04,2008,cr,0.43021032504780116
1,Aviation 04,2008,cu,0.001
1,Aviation 04,2008,sb,0.001
1,Aviation 04,2008,zn,0.001
1,Aviation 04,2008,ni,0.001
1,Aviation 04,2008,mn,0.001
1,Cooper 01,2008,pb,0.001
1,Cooper 01,2008,as,0.001
1,Cooper 01,2008,co,0.001
1,Cooper 01,2008,cr,0.672972972972973
1,Cooper 01,2008,cu,0.001
1,Cooper 01,2008,sb,0.001
1,Cooper 01,2008,zn,0.001
1,Cooper 01,2008,ni,0.001
1,Cooper 01,2008,mn,0.001
1,Cooper 10,2008,pb,0.001
1,Cooper 10,2008,as,0.001
1,Cooper 10,2008,co,0.001
1,Cooper 10,2008,cr,1
1,Cooper 10,2008,cu,0.001
1,Cooper 10,2008,sb,0.001
1,Cooper 10,2008,zn,0.40217391304347827
1,Cooper 10,2008,ni,0.001
1,Cooper 10,2008,mn,0.001
1,Cooper 11,2008,pb,1
1,Cooper 11,2008,as,0.001
1,Cooper 11,2008,co,0.001
1,Cooper 11,2008,cr,1
1,Cooper 11,2008,cu,0.001
1,Cooper 11,2008,sb,0.001
1,Cooper 11,2008,zn,0.7507936507936508
1,Cooper 11,2008,ni,0.001
1,Cooper 11,2008,mn,0.001
1,Cooper 12,2008,pb,1
1,Cooper 12,2008,as,0.001
1,Cooper 12,2008,co,0.001
1,Cooper 12,2008,cr,1
1,Cooper 12,2008,cu,0.001
1,Cooper 12,2008,sb,0.001
1,Cooper 12,2008,zn,1
1,Cooper 12,2008,ni,0.001
1,Cooper 12,2008,mn,0.001
1,Cooper 13,2008,pb,1
1,Cooper 13,2008,as,0.001
1,Cooper 13,2008,co,1
1,Cooper 13,2008,cr,1
1,Cooper 13,2008,cu,0.9416243654822335
1,Cooper 13,2008,sb,0.001
1,Cooper 13,2008,zn,1
1,Cooper 13,2008,ni,0.001
1,Cooper 13,2008,mn,0.001
1,Cooper 14,2008,pb,1
1,Cooper 14,2008,as,0.001
1,Cooper 14,2008,co,0.001
1,Cooper 14,2008,cr,1
1,Cooper 14,2008,cu,1
1,Cooper 14,2008,sb,0.001
1,Cooper 14,2008,zn,1
1,Cooper 14,2008,ni,0.001
1,Cooper 14,2008,mn,0.33636363636363636
1,Cooper 15,2008,pb,1
1,Cooper 15,2008,as,0.001
1,Cooper 15,2008,co,0.001
1,Cooper 15,2008,cr,1
1,Cooper 15,2008,cu,1
1,Cooper 15,2008,sb,0.001
1,Cooper 15,2008,zn,1
1,Cooper 15,2008,ni,0.001
1,Cooper 15,2008,mn,0.001
1,Cooper 17,2008,pb,0.001
1,Cooper 17,2008,as,0.001
1,Cooper 17,2008,co,0.001
1,Cooper 17,2008,cr,0.7702702702702703
1,Cooper 17,2008,cu,0.001
1,Cooper 17,2008,sb,0.001
1,Cooper 17,2008,zn,0.001
1,Cooper 17,2008,ni,0.001
1,Cooper 17,2008,mn,0.001
1,Cooper 02,2008,pb,0.001
1,Cooper 02,2008,as,0.001
1,Cooper 02,2008,co,0.001
1,Cooper 02,2008,cr,1
1,Cooper 02,2008,cu,0.001
1,Cooper 02,2008,sb,0.001
1,Cooper 02,2008,zn,0.7761904761904762
1,Cooper 02,2008,ni,0.001
1,Cooper 02,2008,mn,0.001
1,Cooper 21,2008,pb,1
1,Cooper 21,2008,as,0.001
1,Cooper 21,2008,co,1
1,Cooper 21,2008,cr,1
1,Cooper 21,2008,cu,1
1,Cooper 21,2008,sb,0.001
1,Cooper 21,2008,zn,1
1,Cooper 21,2008,ni,0.001
1,Cooper 21,2008,mn,0.26136363636363635
1,Cooper 22,2008,pb,0.7190580503833516
1,Cooper 22,2008,as,0.001
1,Cooper 22,2008,co,0.001
1,Cooper 22,2008,cr,1
1,Cooper 22,2008,cu,0.9517766497461929
1,Cooper 22,2008,sb,0.001
1,Cooper 22,2008,zn,1
1,Cooper 22,2008,ni,0.001
1,Cooper 22,2008,mn,0.001
1,Cooper 23,2008,pb,1
1,Cooper 23,2008,as,1
1,Cooper 23,2008,co,0.001
1,Cooper 23,2008,cr,1
1,Cooper 23,2008,cu,0.6421319796954315
1,Cooper 23,2008,sb,0.001
1,Cooper 23,2008,zn,1
1,Cooper 23,2008,ni,0.001
1,Cooper 23,2008,mn,0.001
1,Cooper 24,2008,pb,1
1,Cooper 24,2008,as,0.001
1,Cooper 24,2008,co,0.001
1,Cooper 24,2008,cr,1
1,Cooper 24,2008,cu,0.001
1,Cooper 24,2008,sb,0.001
1,Cooper 24,2008,zn,1
1,Cooper 24,2008,ni,0.001
1,Cooper 24,2008,mn,0.001
1,Cooper 25,2008,pb,0.001
1,Cooper 25,2008,as,0.001
1,Cooper 25,2008,co,0.001
1,Cooper 25,2008,cr,0.8297297297297297
1,Cooper 25,2008,cu,0.001
1,Cooper 25,2008,sb,0.001
1,Cooper 25,2008,zn,0.11290322580645161
1,Cooper 25,2008,ni,0.001
1,Cooper 25,2008,mn,0.001
1,Cooper 26,2008,pb,1
1,Cooper 26,2008,as,1
1,Cooper 26,2008,co,0.001
1,Cooper 26,2008,cr,1
1,Cooper 26,2008,cu,1
1,Cooper 26,2008,sb,0.001
1,Cooper 26,2008,zn,1
1,Cooper 26,2008,ni,0.001
1,Cooper 26,2008,mn,0.001
1,Cooper 27,2008,pb,1
1,Cooper 27,2008,as,0.001
1,Cooper 27,2008,co,0.001
1,Cooper 27,2008,cr,1
1,Cooper 27,2008,cu,0.6522842639593909
1,Cooper 27,2008,sb,0.001
1,Cooper 27,2008,zn,0.7444444444444445
1,Cooper 27,2008,ni,0.001
1,Cooper 27,2008,mn,0.001
1,Cooper 28,2008,pb,1
1,Cooper 28,2008,as,0.001
1,Cooper 28,2008,co,0.001
1,Cooper 28,2008,cr,1
1,Cooper 28,2008,cu,1
1,Cooper 28,2008,sb,0.001
1,Cooper 28,2008,zn,1
1,Cooper 28,2008,ni,0.001
1,Cooper 28,2008,mn,0.001
1,Cooper 29,2008,pb,1
1,Cooper 29,2008,as,0.001
1,Cooper 29,2008,co,0.001
1,Cooper 29,2008,cr,1
1,Cooper 29,2008,cu,0.001
1,Cooper 29,2008,sb,0.001
1,Cooper 29,2008,zn,1
1,Cooper 29,2008,ni,0.001
1,Cooper 29,2008,mn,0.001
1,Cooper 03,2008,pb,0.001
1,Cooper 03,2008,as,0.001
1,Cooper 03,2008,co,0.001
1,Cooper 03,2008,cr,1
1,Cooper 03,2008,cu,0.001
1,Cooper 03,2008,sb,0.001
1,Cooper 03,2008,zn,0.21739130434782608
1,Cooper 03,2008,ni,0.001
1,Cooper 03,2008,mn,0.001
1,Cooper 30,2008,pb,1
1,Cooper 30,2008,as,0.001
1,Cooper 30,2008,co,0.001
1,Cooper 30,2008,cr,1
1,Cooper 30,2008,cu,0.32142857142857145
1,Cooper 30,2008,sb,0.001
1,Cooper 30,2008,zn,1
1,Cooper 30,2008,ni,0.001
1,Cooper 30,2008,mn,0.001
1,Cooper 31,2008,pb,0.001
1,Cooper 31,2008,as,0.001
1,Cooper 31,2008,co,0.001
1,Cooper 31,2008,cr,1
1,Cooper 31,2008,cu,0.001
1,Cooper 31,2008,sb,0.001
1,Cooper 31,2008,zn,0.6904761904761905
1,Cooper 31,2008,ni,0.001
1,Cooper 31,2008,mn,0.001
1,Cooper 32,2008,pb,0.7738225629791895
1,Cooper 32,2008,as,0.001
1,Cooper 32,2008,co,0.001
1,Cooper 32,2008,cr,1
1,Cooper 32,2008,cu,0.001
1,Cooper 32,2008,sb,0.001
1,Cooper 32,2008,zn,0.8555555555555556
1,Cooper 32,2008,ni,0.001
1,Cooper 32,2008,mn,0.001
1,Cooper 33,2008,pb,0.001
1,Cooper 33,2008,as,0.001
1,Cooper 33,2008,co,0.001
1,Cooper 33,2008,cr,0.7378378378378379
1,Cooper 33,2008,cu,0.001
1,Cooper 33,2008,sb,0.001
1,Cooper 33,2008,zn,0.10887096774193548
1,Cooper 33,2008,ni,0.001
1,Cooper 33,2008,mn,0.001
1,Cooper 34,2008,pb,1
1,Cooper 34,2008,as,0.001
1,Cooper 34,2008,co,0.001
1,Cooper 34,2008,cr,1
1,Cooper 34,2008,cu,0.001
1,Cooper 34,2008,sb,0.001
1,Cooper 34,2008,zn,1
1,Cooper 34,2008,ni,0.001
1,Cooper 34,2008,mn,0.001
1,Cooper 35,2008,pb,1
1,Cooper 35,2008,as,0.001
1,Cooper 35,2008,co,0.001
1,Cooper 35,2008,cr,0.001
1,Cooper 35,2008,cu,1
1,Cooper 35,2008,sb,0.001
1,Cooper 35,2008,zn,1
1,Cooper 35,2008,ni,0.001
1,Cooper 35,2008,mn,0.001
1,Cooper 36,2008,pb,0.7957283680175247
1,Cooper 36,2008,as,0.001
1,Cooper 36,2008,co,0.001
1,Cooper 36,2008,cr,1
1,Cooper 36,2008,cu,0.001
1,Cooper 36,2008,sb,0.001
1,Cooper 36,2008,zn,0.7507936507936508
1,Cooper 36,2008,ni,0.001
1,Cooper 36,2008,mn,0.001
1,Cooper 37,2008,pb,0.001
1,Cooper 37,2008,as,0.001
1,Cooper 37,2008,co,0.001
1,Cooper 37,2008,cr,1
1,Cooper 37,2008,cu,0.001
1,Cooper 37,2008,sb,0.001
1,Cooper 37,2008,zn,0.753968253968254
1,Cooper 37,2008,ni,0.001
1,Cooper 37,2008,mn,0.001
1,Cooper 38,2008,pb,0.001
1,Cooper 38,2008,as,0.001
1,Cooper 38,2008,co,0.001
1,Cooper 38,2008,cr,0.001
1,Cooper 38,2008,cu,0.001
1,Cooper 38,2008,sb,0.001
1,Cooper 38,2008,zn,0.001
1,Cooper 38,2008,ni,0.001
1,Cooper 38,2008,mn,0.001
1,Cooper 39,2008,pb,0.001
1,Cooper 39,2008,as,0.001
1,Cooper 39,2008,co,0.001
1,Cooper 39,2008,cr,0.001
1,Cooper 39,2008,cu,0.001
1,Cooper 39,2008,sb,0.001
1,Cooper 39,2008,zn,0.17391304347826086
1,Cooper 39,2008,ni,0.001
1,Cooper 39,2008,mn,0.001
1,Cooper 04,2008,pb,0.7519167579408543
1,Cooper 04,2008,as,0.001
1,Cooper 04,2008,co,0.001
1,Cooper 04,2008,cr,1
1,Cooper 04,2008,cu,0.001
1,Cooper 04,2008,sb,0.001
1,Cooper 04,2008,zn,1
1,Cooper 04,2008,ni,0.001
1,Cooper 04,2008,mn,0.001
1,Cooper 40,2008,pb,1
1,Cooper 40,2008,as,0.001
1,Cooper 40,2008,co,0.001
1,Cooper 40,2008,cr,1
1,Cooper 40,2008,cu,1
1,Cooper 40,2008,sb,0.001
1,Cooper 40,2008,zn,1
1,Cooper 40,2008,ni,0.001
1,Cooper 40,2008,mn,0.001
1,Cooper 05,2008,pb,0.001
1,Cooper 05,2008,as,0.001
1,Cooper 05,2008,co,0.001
1,Cooper 05,2008,cr,1
1,Cooper 05,2008,cu,0.001
1,Cooper 05,2008,sb,0.001
1,Cooper 05,2008,zn,0.13043478260869565
1,Cooper 05,2008,ni,0.001
1,Cooper 05,2008,mn,0.001
1,Cooper 06,2008,pb,0.001
1,Cooper 06,2008,as,0.001
1,Cooper 06,2008,co,0.001
1,Cooper 06,2008,cr,1
1,Cooper 06,2008,cu,0.001
1,Cooper 06,2008,sb,0.001
1,Cooper 06,2008,zn,0.001
1,Cooper 06,2008,ni,0.001
1,Cooper 06,2008,mn,0.001
1,Cooper 07,2008,pb,0.001
1,Cooper 07,2008,as,0.001
1,Cooper 07,2008,co,0.001
1,Cooper 07,2008,cr,1
1,Cooper 07,2008,cu,0.001
1,Cooper 07,2008,sb,0.001
1,Cooper 07,2008,zn,0.001
1,Cooper 07,2008,ni,0.001
1,Cooper 07,2008,mn,0.001
1,Cooper 08,2008,pb,0.001
1,Cooper 08,2008,as,0.001
1,Cooper 08,2008,co,0.001
1,Cooper 08,2008,cr,1
1,Cooper 08,2008,cu,0.001
1,Cooper 08,2008,sb,0.001
1,Cooper 08,2008,zn,0.8269841269841269
1,Cooper 08,2008,ni,0.001
1,Cooper 08,2008,mn,0.001
1,Cooper 09,2008,pb,0.001
1,Cooper 09,2008,as,0.001
1,Cooper 09,2008,co,0.001
1,Cooper 09,2008,cr,1
1,Cooper 09,2008,cu,0.001
1,Cooper 09,2008,sb,0.001
1,Cooper 09,2008,zn,0.001
1,Cooper 09,2008,ni,0.001
1,Cooper 09,2008,mn,0.001
1,Engineer 01,2008,pb,1
1,Engineer 01,2008,as,0.3333333333333333
1,Engineer 01,2008,co,1
1,Engineer 01,2008,cr,1
1,Engineer 01,2008,cu,0.6878172588832487
1,Engineer 01,2008,sb,0.001
1,Engineer 01,2008,zn,1
1,Engineer 01,2008,ni,0.001
1,Engineer 01,2008,mn,0.001
1,Engineer 02,2008,pb,0.001
1,Engineer 02,2008,as,0.001
1,Engineer 02,2008,co,0.001
1,Engineer 02,2008,cr,0.001
1,Engineer 02,2008,cu,0.001
1,Engineer 02,2008,sb,0.001
1,Engineer 02,2008,zn,0.2608695652173913
1,Engineer 02,2008,ni,0.001
1,Engineer 02,2008,mn,0.001
1,Engineer 03,2008,pb,0.45454545454545453
1,Engineer 03,2008,as,0.001
1,Engineer 03,2008,co,0.001
1,Engineer 03,2008,cr,1
1,Engineer 03,2008,cu,0.001
1,Engineer 03,2008,sb,0.001
1,Engineer 03,2008,zn,0.22826086956521738
1,Engineer 03,2008,ni,0.001
1,Engineer 03,2008,mn,0.001
1,Engineer 04,2008,pb,0.001
1,Engineer 04,2008,as,0.001
1,Engineer 04,2008,co,0.001
1,Engineer 04,2008,cr,1
1,Engineer 04,2008,cu,0.2857142857142857
1,Engineer 04,2008,sb,0.001
1,Engineer 04,2008,zn,0.16304347826086957
1,Engineer 04,2008,ni,0.001
1,Engineer 04,2008,mn,0.001
1,Kaula 01,2008,pb,0.001
1,Kaula 01,2008,as,0.001
1,Kaula 01,2008,co,0.001
1,Kaula 01,2008,cr,0.6513513513513514
1,Kaula 01,2008,cu,0.001
1,Kaula 01,2008,sb,0.001
1,Kaula 01,2008,zn,0.001
1,Kaula 01,2008,ni,0.001
1,Kaula 01,2008,mn,0.001
1,Kaula 02,2008,pb,0.001
1,Kaula 02,2008,as,0.001
1,Kaula 02,2008,co,0.001
1,Kaula 02,2008,cr,0.001
1,Kaula 02,2008,cu,0.001
1,Kaula 02,2008,sb,0.001
1,Kaula 02,2008,zn,0.001
1,Kaula 02,2008,ni,0.001
1,Kaula 02,2008,mn,0.001
1,Kaula 03,2008,pb,0.001
1,Kaula 03,2008,as,0.001
1,Kaula 03,2008,co,0.001
1,Kaula 03,2008,cr,0.7162162162162162
1,Kaula 03,2008,cu,0.001
1,Kaula 03,2008,sb,0.001
1,Kaula 03,2008,zn,0.001
1,Kaula 03,2008,ni,0.001
1,Kaula 03,2008,mn,0.001
1,Longliner 01,2008,pb,0.001
1,Longliner 01,2008,as,0.001
1,Longliner 01,2008,co,0.001
1,Longliner 01,2008,cr,0.727027027027027
1,Longliner 01,2008,cu,0.001
1,Longliner 01,2008,sb,0.001
1,Longliner 01,2008,zn,0.08870967741935484
1,Longliner 01,2008,ni,0.001
1,Longliner 01,2008,mn,0.001
1,Longliner 01c,2008,pb,0.001
1,Longliner 01c,2008,as,0.48342541436464087
1,Longliner 01c,2008,co,0.001
1,Longliner 01c,2008,cr,0.6567567567567567
1,Longliner 01c,2008,cu,0.001
1,Longliner 01c,2008,sb,0.001
1,Longliner 01c,2008,zn,0.24596774193548387
1,Longliner 01c,2008,ni,0.001
1,Longliner 01c,2008,mn,0.001
1,Longliner 01a,2008,pb,0.001
1,Longliner 01a,2008,as,0.4143646408839779
1,Longliner 01a,2008,co,0.001
1,Longliner 01a,2008,cr,0.001
1,Longliner 01a,2008,cu,0.001
1,Longliner 01a,2008,sb,0.001
1,Longliner 01a,2008,zn,0.08870967741935484
1,Longliner 01a,2008,ni,0.001
1,Longliner 01a,2008,mn,0.001
1,Longliner 01b,2008,pb,0.001
1,Longliner 01b,2008,as,0.001
1,Longliner 01b,2008,co,0.001
1,Longliner 01b,2008,cr,0.001
1,Longliner 01b,2008,cu,0.001
1,Longliner 01b,2008,sb,0.001
1,Longliner 01b,2008,zn,0.001
1,Longliner 01b,2008,ni,0.001
1,Longliner 01b,2008,mn,0.001
1,Longliner 02,2008,pb,0.001
1,Longliner 02,2008,as,0.001
1,Longliner 02,2008,co,0.001
1,Longliner 02,2008,cr,0.7189189189189189
1,Longliner 02,2008,cu,0.001
1,Longliner 02,2008,sb,0.001
1,Longliner 02,2008,zn,0.001
1,Longliner 02,2008,ni,0.001
1,Longliner 02,2008,mn,0.001
1,Longliner 06,2008,pb,0.001
1,Longliner 06,2008,as,0.001
1,Longliner 06,2008,co,0.001
1,Longliner 06,2008,cr,0.6918918918918919
1,Longliner 06,2008,cu,0.001
1,Longliner 06,2008,sb,0.001
1,Longliner 06,2008,zn,0.12096774193548387
1,Longliner 06,2008,ni,0.001
1,Longliner 06,2008,mn,0.001
1,Longliner 03,2008,pb,0.001
1,Longliner 03,2008,as,0.001
1,Longliner 03,2008,co,0.001
1,Longliner 03,2008,cr,0.001
1,Longliner 03,2008,cu,0.001
1,Longliner 03,2008,sb,0.001
1,Longliner 03,2008,zn,0.001
1,Longliner 03,2008,ni,0.001
1,Longliner 03,2008,mn,0.001
1,Longliner 04,2008,pb,0.001
1,Longliner 04,2008,as,0.001
1,Longliner 04,2008,co,0.001
1,Longliner 04,2008,cr,0.001
1,Longliner 04,2008,cu,0.001
1,Longliner 04,2008,sb,0.001
1,Longliner 04,2008,zn,0.001
1,Longliner 04,2008,ni,0.001
1,Longliner 04,2008,mn,0.001
1,Longliner 05,2008,pb,0.001
1,Longliner 05,2008,as,0.001
1,Longliner 05,2008,co,0.001
1,Longliner 05,2008,cr,0.6783783783783783
1,Longliner 05,2008,cu,0.001
1,Longliner 05,2008,sb,0.001
1,Longliner 05,2008,zn,0.8536585365853658
1,Longliner 05,2008,ni,0.001
1,Longliner 05,2008,mn,0.001
1,Corallimorph 01,2008,pb,0.001
1,Corallimorph 01,2008,as,0.001
1,Corallimorph 01,2008,co,0.001
1,Corallimorph 01,2008,cr,0.47801147227533464
1,Corallimorph 01,2008,cu,0.001
1,Corallimorph 01,2008,sb,0.001
1,Corallimorph 01,2008,zn,0.001
1,Corallimorph 01,2008,ni,0.001
1,Corallimorph 01,2008,mn,0.001
1,Corallimorph 10,2008,pb,0.001
1,Corallimorph 10,2008,as,0.001
1,Corallimorph 10,2008,co,0.001
1,Corallimorph 10,2008,cr,0.4206500956022945
1,Corallimorph 10,2008,cu,0.001
1,Corallimorph 10,2008,sb,0.001
1,Corallimorph 10,2008,zn,0.001
1,Corallimorph 10,2008,ni,0.001
1,Corallimorph 10,2008,mn,0.001
1,Corallimorph 11,2008,pb,0.001
1,Corallimorph 11,2008,as,0.001
1,Corallimorph 11,2008,co,0.001
1,Corallimorph 11,2008,cr,0.001
1,Corallimorph 11,2008,cu,0.001
1,Corallimorph 11,2008,sb,0.001
1,Corallimorph 11,2008,zn,0.001
1,Corallimorph 11,2008,ni,0.001
1,Corallimorph 11,2008,mn,0.001
1,Corallimorph 12,2008,pb,0.001
1,Corallimorph 12,2008,as,0.001
1,Corallimorph 12,2008,co,0.001
1,Corallimorph 12,2008,cr,0.654054054054054
1,Corallimorph 12,2008,cu,0.001
1,Corallimorph 12,2008,sb,0.001
1,Corallimorph 12,2008,zn,0.001
1,Corallimorph 12,2008,ni,0.001
1,Corallimorph 12,2008,mn,0.001
1,Corallimorph 02,2008,pb,0.001
1,Corallimorph 02,2008,as,0.001
1,Corallimorph 02,2008,co,0.001
1,Corallimorph 02,2008,cr,0.4206500956022945
1,Corallimorph 02,2008,cu,0.001
1,Corallimorph 02,2008,sb,0.001
1,Corallimorph 02,2008,zn,0.001
1,Corallimorph 02,2008,ni,0.001
1,Corallimorph 02,2008,mn,0.001
1,Corallimorph 03,2008,pb,0.001
1,Corallimorph 03,2008,as,0.001
1,Corallimorph 03,2008,co,0.001
1,Corallimorph 03,2008,cr,0.001
1,Corallimorph 03,2008,cu,0.001
1,Corallimorph 03,2008,sb,0.001
1,Corallimorph 03,2008,zn,0.001
1,Corallimorph 03,2008,ni,0.001
1,Corallimorph 03,2008,mn,0.001
1,Corallimorph 04,2008,pb,0.001
1,Corallimorph 04,2008,as,0.001
1,Corallimorph 04,2008,co,0.001
1,Corallimorph 04,2008,cr,0.001
1,Corallimorph 04,2008,cu,0.001
1,Corallimorph 04,2008,sb,0.001
1,Corallimorph 04,2008,zn,0.001
1,Corallimorph 04,2008,ni,0.001
1,Corallimorph 04,2008,mn,0.001
1,Corallimorph 05,2008,pb,0.001
1,Corallimorph 05,2008,as,0.001
1,Corallimorph 05,2008,co,0.001
1,Corallimorph 05,2008,cr,0.001
1,Corallimorph 05,2008,cu,0.001
1,Corallimorph 05,2008,sb,0.001
1,Corallimorph 05,2008,zn,0.001
1,Corallimorph 05,2008,ni,0.001
1,Corallimorph 05,2008,mn,0.001
1,Corallimorph 06,2008,pb,0.001
1,Corallimorph 06,2008,as,0.001
1,Corallimorph 06,2008,co,0.001
1,Corallimorph 06,2008,cr,0.372848948374761
1,Corallimorph 06,2008,cu,0.001
1,Corallimorph 06,2008,sb,0.001
1,Corallimorph 06,2008,zn,0.001
1,Corallimorph 06,2008,ni,0.001
1,Corallimorph 06,2008,mn,0.001
1,Corallimorph 07,2008,pb,0.001
1,Corallimorph 07,2008,as,0.001
1,Corallimorph 07,2008,co,0.001
1,Corallimorph 07,2008,cr,0.6621621621621622
1,Corallimorph 07,2008,cu,0.001
1,Corallimorph 07,2008,sb,0.001
1,Corallimorph 07,2008,zn,0.001
1,Corallimorph 07,2008,ni,0.001
1,Corallimorph 07,2008,mn,0.001
1,Corallimorph 08,2008,pb,0.001
1,Corallimorph 08,2008,as,0.001
1,Corallimorph 08,2008,co,0.001
1,Corallimorph 08,2008,cr,0.001
1,Corallimorph 08,2008,cu,0.001
1,Corallimorph 08,2008,sb,0.001
1,Corallimorph 08,2008,zn,0.001
1,Corallimorph 08,2008,ni,0.001
1,Corallimorph 08,2008,mn,0.001
1,Corallimorph 09,2008,pb,0.001
1,Corallimorph 09,2008,as,0.001
1,Corallimorph 09,2008,co,0.001
1,Corallimorph 09,2008,cr,0.43021032504780116
1,Corallimorph 09,2008,cu,0.001
1,Corallimorph 09,2008,sb,0.001
1,Corallimorph 09,2008,zn,0.001
1,Corallimorph 09,2008,ni,0.001
1,Corallimorph 09,2008,mn,0.001
1,Strawn 13,2008,pb,0.001
1,Strawn 13,2008,as,0.001
1,Strawn 13,2008,co,0.001
1,Strawn 13,2008,cr,1
1,Strawn 13,2008,cu,0.001
1,Strawn 13,2008,sb,0.001
1,Strawn 13,2008,zn,0.001
1,Strawn 13,2008,ni,0.001
1,Strawn 13,2008,mn,0.001
1,Menge 10,2008,pb,1
1,Menge 10,2008,as,0.001
1,Menge 10,2008,co,0.001
1,Menge 10,2008,cr,1
1,Menge 10,2008,cu,0.8451776649746192
1,Menge 10,2008,sb,0.001
1,Menge 10,2008,zn,1
1,Menge 10,2008,ni,0.001
1,Menge 10,2008,mn,0.001
1,Menge 11,2008,pb,1
1,Menge 11,2008,as,1
1,Menge 11,2008,co,0.001
1,Menge 11,2008,cr,1
1,Menge 11,2008,cu,0.001
1,Menge 11,2008,sb,0.001
1,Menge 11,2008,zn,1
1,Menge 11,2008,ni,0.001
1,Menge 11,2008,mn,0.001
1,Menge 12,2008,pb,1
1,Menge 12,2008,as,1
1,Menge 12,2008,co,0.001
1,Menge 12,2008,cr,1
1,Menge 12,2008,cu,0.748730964467005
1,Menge 12,2008,sb,0.001
1,Menge 12,2008,zn,1
1,Menge 12,2008,ni,0.001
1,Menge 12,2008,mn,0.001
1,Menge 13,2008,pb,0.7847754654983571
1,Menge 13,2008,as,0.001
1,Menge 13,2008,co,0.001
1,Menge 13,2008,cr,1
1,Menge 13,2008,cu,0.001
1,Menge 13,2008,sb,0.001
1,Menge 13,2008,zn,0.7698412698412698
1,Menge 13,2008,ni,0.001
1,Menge 13,2008,mn,0.001
1,Menge 14,2008,pb,0.001
1,Menge 14,2008,as,0.001
1,Menge 14,2008,co,0.001
1,Menge 14,2008,cr,1
1,Menge 14,2008,cu,0.001
1,Menge 14,2008,sb,0.001
1,Menge 14,2008,zn,0.001
1,Menge 14,2008,ni,0.001
1,Menge 14,2008,mn,0.001
1,Menge 15,2008,pb,1
1,Menge 15,2008,as,0.001
1,Menge 15,2008,co,0.001
1,Menge 15,2008,cr,1
1,Menge 15,2008,cu,0.6522842639593909
1,Menge 15,2008,sb,0.001
1,Menge 15,2008,zn,1
1,Menge 15,2008,ni,0.001
1,Menge 15,2008,mn,0.001
1,Menge 16,2008,pb,1
1,Menge 16,2008,as,0.001
1,Menge 16,2008,co,1
1,Menge 16,2008,cr,0.001
1,Menge 16,2008,cu,0.8401015228426396
1,Menge 16,2008,sb,0.001
1,Menge 16,2008,zn,1
1,Menge 16,2008,ni,0.001
1,Menge 16,2008,mn,0.001
1,Menge 17,2008,pb,1
1,Menge 17,2008,as,1
1,Menge 17,2008,co,1
1,Menge 17,2008,cr,1
1,Menge 17,2008,cu,0.8147208121827412
1,Menge 17,2008,sb,0.001
1,Menge 17,2008,zn,1
1,Menge 17,2008,ni,0.001
1,Menge 17,2008,mn,0.29772727272727273
1,Strawn 14,2008,pb,0.631434830230011
1,Strawn 14,2008,as,0.001
1,Strawn 14,2008,co,0.001
1,Strawn 14,2008,cr,1
1,Strawn 14,2008,cu,0.001
1,Strawn 14,2008,sb,0.001
1,Strawn 14,2008,zn,0.391304347826087
1,Strawn 14,2008,ni,0.001
1,Strawn 14,2008,mn,0.001
1,Menge 23,2008,pb,1
1,Menge 23,2008,as,1
1,Menge 23,2008,co,0.001
1,Menge 23,2008,cr,1
1,Menge 23,2008,cu,0.9263959390862944
1,Menge 23,2008,sb,0.001
1,Menge 23,2008,zn,1
1,Menge 23,2008,ni,0.001
1,Menge 23,2008,mn,0.001
1,Menge 24,2008,pb,1
1,Menge 24,2008,as,0.001
1,Menge 24,2008,co,0.001
1,Menge 24,2008,cr,1
1,Menge 24,2008,cu,0.001
1,Menge 24,2008,sb,0.001
1,Menge 24,2008,zn,1
1,Menge 24,2008,ni,0.001
1,Menge 24,2008,mn,0.001
1,Menge 25,2008,pb,1
1,Menge 25,2008,as,0.001
1,Menge 25,2008,co,0.001
1,Menge 25,2008,cr,1
1,Menge 25,2008,cu,0.4107142857142857
1,Menge 25,2008,sb,0.001
1,Menge 25,2008,zn,1
1,Menge 25,2008,ni,0.001
1,Menge 25,2008,mn,0.001
1,Menge 26,2008,pb,1
1,Menge 26,2008,as,0.001
1,Menge 26,2008,co,0.001
1,Menge 26,2008,cr,1
1,Menge 26,2008,cu,0.001
1,Menge 26,2008,sb,0.001
1,Menge 26,2008,zn,1
1,Menge 26,2008,ni,0.001
1,Menge 26,2008,mn,0.001
1,Menge 27,2008,pb,1
1,Menge 27,2008,as,0.001
1,Menge 27,2008,co,0.001
1,Menge 27,2008,cr,1
1,Menge 27,2008,cu,0.001
1,Menge 27,2008,sb,0.001
1,Menge 27,2008,zn,0.8142857142857143
1,Menge 27,2008,ni,0.001
1,Menge 27,2008,mn,0.001
1,Menge 28,2008,pb,1
1,Menge 28,2008,as,0.001
1,Menge 28,2008,co,0.001
1,Menge 28,2008,cr,1
1,Menge 28,2008,cu,0.001
1,Menge 28,2008,sb,0.001
1,Menge 28,2008,zn,1
1,Menge 28,2008,ni,0.001
1,Menge 28,2008,mn,0.001
1,Menge 29,2008,pb,0.001
1,Menge 29,2008,as,0.001
1,Menge 29,2008,co,0.001
1,Menge 29,2008,cr,1
1,Menge 29,2008,cu,0.001
1,Menge 29,2008,sb,0.001
1,Menge 29,2008,zn,1
1,Menge 29,2008,ni,0.001
1,Menge 29,2008,mn,0.001
1,Menge 03,2008,pb,1
1,Menge 03,2008,as,1
1,Menge 03,2008,co,0.001
1,Menge 03,2008,cr,1
1,Menge 03,2008,cu,1
1,Menge 03,2008,sb,0.001
1,Menge 03,2008,zn,1
1,Menge 03,2008,ni,0.001
1,Menge 03,2008,mn,1
1,Menge 30,2008,pb,0.001
1,Menge 30,2008,as,0.001
1,Menge 30,2008,co,0.001
1,Menge 30,2008,cr,1
1,Menge 30,2008,cu,0.001
1,Menge 30,2008,sb,0.001
1,Menge 30,2008,zn,0.2608695652173913
1,Menge 30,2008,ni,0.001
1,Menge 30,2008,mn,0.001
1,Menge 31,2008,pb,1
1,Menge 31,2008,as,0.001
1,Menge 31,2008,co,0.001
1,Menge 31,2008,cr,1
1,Menge 31,2008,cu,0.7690355329949239
1,Menge 31,2008,sb,0.001
1,Menge 31,2008,zn,1
1,Menge 31,2008,ni,0.001
1,Menge 31,2008,mn,0.001
1,Menge 32,2008,pb,0.6971522453450164
1,Menge 32,2008,as,0.001
1,Menge 32,2008,co,0.001
1,Menge 32,2008,cr,1
1,Menge 32,2008,cu,0.001
1,Menge 32,2008,sb,0.001
1,Menge 32,2008,zn,0.7888888888888889
1,Menge 32,2008,ni,0.001
1,Menge 32,2008,mn,0.001
1,Menge 33,2008,pb,1
1,Menge 33,2008,as,0.001
1,Menge 33,2008,co,1
1,Menge 33,2008,cr,1
1,Menge 33,2008,cu,0.7233502538071066
1,Menge 33,2008,sb,0.001
1,Menge 33,2008,zn,1
1,Menge 33,2008,ni,0.001
1,Menge 33,2008,mn,0.001
1,Menge 34,2008,pb,0.7409638554216867
1,Menge 34,2008,as,0.001
1,Menge 34,2008,co,0.001
1,Menge 34,2008,cr,1
1,Menge 34,2008,cu,0.001
1,Menge 34,2008,sb,0.001
1,Menge 34,2008,zn,0.6714285714285715
1,Menge 34,2008,ni,0.001
1,Menge 34,2008,mn,0.001
1,Menge 35,2008,pb,0.001
1,Menge 35,2008,as,0.001
1,Menge 35,2008,co,0.001
1,Menge 35,2008,cr,1
1,Menge 35,2008,cu,0.001
1,Menge 35,2008,sb,0.001
1,Menge 35,2008,zn,0.43478260869565216
1,Menge 35,2008,ni,0.001
1,Menge 35,2008,mn,0.001
1,Menge 36,2008,pb,0.631434830230011
1,Menge 36,2008,as,0.001
1,Menge 36,2008,co,0.001
1,Menge 36,2008,cr,1
1,Menge 36,2008,cu,0.001
1,Menge 36,2008,sb,0.001
1,Menge 36,2008,zn,0.6492063492063492
1,Menge 36,2008,ni,0.001
1,Menge 36,2008,mn,0.001
1,Menge 37,2008,pb,1
1,Menge 37,2008,as,0.001
1,Menge 37,2008,co,0.001
1,Menge 37,2008,cr,1
1,Menge 37,2008,cu,0.6472081218274112
1,Menge 37,2008,sb,0.001
1,Menge 37,2008,zn,0.7126984126984127
1,Menge 37,2008,ni,0.001
1,Menge 37,2008,mn,0.001
1,Menge 38,2008,pb,0.8833515881708653
1,Menge 38,2008,as,0.001
1,Menge 38,2008,co,0.001
1,Menge 38,2008,cr,1
1,Menge 38,2008,cu,0.001
1,Menge 38,2008,sb,0.001
1,Menge 38,2008,zn,1
1,Menge 38,2008,ni,0.001
1,Menge 38,2008,mn,0.001
1,Menge 39,2008,pb,1
1,Menge 39,2008,as,1
1,Menge 39,2008,co,0.001
1,Menge 39,2008,cr,0.001
1,Menge 39,2008,cu,1
1,Menge 39,2008,sb,0.001
1,Menge 39,2008,zn,1
1,Menge 39,2008,ni,0.001
1,Menge 39,2008,mn,0.001
1,Menge 04,2008,pb,1
1,Menge 04,2008,as,1
1,Menge 04,2008,co,1
1,Menge 04,2008,cr,1
1,Menge 04,2008,cu,1
1,Menge 04,2008,sb,0.001
1,Menge 04,2008,zn,1
1,Menge 04,2008,ni,0.001
1,Menge 04,2008,mn,0.625909090909091
1,Menge 40,2008,pb,0.9311926605504588
1,Menge 40,2008,as,0.001
1,Menge 40,2008,co,0.001
1,Menge 40,2008,cr,0.7945945945945946
1,Menge 40,2008,cu,0.16849199663016007
1,Menge 40,2008,sb,0.001
1,Menge 40,2008,zn,0.001
1,Menge 40,2008,ni,0.001
1,Menge 40,2008,mn,0.001
1,Menge 05,2008,pb,1
1,Menge 05,2008,as,0.001
1,Menge 05,2008,co,0.001
1,Menge 05,2008,cr,1
1,Menge 05,2008,cu,0.001
1,Menge 05,2008,sb,0.001
1,Menge 05,2008,zn,1
1,Menge 05,2008,ni,0.001
1,Menge 05,2008,mn,0.001
1,Menge 06,2008,pb,1
1,Menge 06,2008,as,1
1,Menge 06,2008,co,0.001
1,Menge 06,2008,cr,1
1,Menge 06,2008,cu,0.9517766497461929
1,Menge 06,2008,sb,0.001
1,Menge 06,2008,zn,1
1,Menge 06,2008,ni,0.001
1,Menge 06,2008,mn,0.001
1,Menge 09,2008,pb,0.001
1,Menge 09,2008,as,0.001
1,Menge 09,2008,co,0.001
1,Menge 09,2008,cr,0.001
1,Menge 09,2008,cu,0.001
1,Menge 09,2008,sb,0.001
1,Menge 09,2008,zn,0.6619047619047619
1,Menge 09,2008,ni,0.001
1,Menge 09,2008,mn,0.001
1,Paradise 01,2008,pb,0.001
1,Paradise 01,2008,as,0.001
1,Paradise 01,2008,co,0.001
1,Paradise 01,2008,cr,1
1,Paradise 01,2008,cu,0.001
1,Paradise 01,2008,sb,0.001
1,Paradise 01,2008,zn,0.7444444444444445
1,Paradise 01,2008,ni,0.001
1,Paradise 01,2008,mn,0.001
1,Quail 01,2008,pb,0.001
1,Quail 01,2008,as,0.001
1,Quail 01,2008,co,0.001
1,Quail 01,2008,cr,0.7810810810810811
1,Quail 01,2008,cu,0.001
1,Quail 01,2008,sb,0.001
1,Quail 01,2008,zn,0.12096774193548387
1,Quail 01,2008,ni,0.001
1,Quail 01,2008,mn,0.001
1,Quail 02,2008,pb,0.2810846560846561
1,Quail 02,2008,as,0.001
1,Quail 02,2008,co,0.001
1,Quail 02,2008,cr,0.8162162162162162
1,Quail 02,2008,cu,0.001
1,Quail 02,2008,sb,0.001
1,Quail 02,2008,zn,0.21774193548387097
1,Quail 02,2008,ni,0.001
1,Quail 02,2008,mn,0.001
1,Quail 03,2008,pb,0.001
1,Quail 03,2008,as,0.001
1,Quail 03,2008,co,0.001
1,Quail 03,2008,cr,0.6972972972972973
1,Quail 03,2008,cu,0.001
1,Quail 03,2008,sb,0.001
1,Quail 03,2008,zn,0.001
1,Quail 03,2008,ni,0.001
1,Quail 03,2008,mn,0.001
1,Quail 04,2008,pb,0.001
1,Quail 04,2008,as,0.001
1,Quail 04,2008,co,0.001
1,Quail 04,2008,cr,0.7297297297297297
1,Quail 04,2008,cu,0.001
1,Quail 04,2008,sb,0.001
1,Quail 04,2008,zn,0.001
1,Quail 04,2008,ni,0.001
1,Quail 04,2008,mn,0.001
1,Quail 05,2008,pb,0.001
1,Quail 05,2008,as,0.001
1,Quail 05,2008,co,0.001
1,Quail 05,2008,cr,0.6972972972972973
1,Quail 05,2008,cu,0.001
1,Quail 05,2008,sb,0.001
1,Quail 05,2008,zn,0.10483870967741936
1,Quail 05,2008,ni,0.001
1,Quail 05,2008,mn,0.001
1,Quail 06,2008,pb,0.6834862385321101
1,Quail 06,2008,as,0.001
1,Quail 06,2008,co,1
1,Quail 06,2008,cr,0.7864864864864864
1,Quail 06,2008,cu,0.40438079191238413
1,Quail 06,2008,sb,0.001
1,Quail 06,2008,zn,1
1,Quail 06,2008,ni,0.001
1,Quail 06,2008,mn,0.001
1,Quail 07,2008,pb,0.6697247706422018
1,Quail 07,2008,as,0.001
1,Quail 07,2008,co,0.001
1,Quail 07,2008,cr,0.6918918918918919
1,Quail 07,2008,cu,0.2485256950294861
1,Quail 07,2008,sb,0.001
1,Quail 07,2008,zn,0.9073170731707316
1,Quail 07,2008,ni,0.001
1,Quail 07,2008,mn,0.001
1,Quail 08,2008,pb,0.8486238532110092
1,Quail 08,2008,as,0.001
1,Quail 08,2008,co,0.001
1,Quail 08,2008,cr,0.6756756756756757
1,Quail 08,2008,cu,0.2695871946082561
1,Quail 08,2008,sb,0.001
1,Quail 08,2008,zn,0.9975609756097561
1,Quail 08,2008,ni,0.001
1,Quail 08,2008,mn,0.001
1,Quail 09,2008,pb,0.001
1,Quail 09,2008,as,0.001
1,Quail 09,2008,co,0.001
1,Quail 09,2008,cr,0.001
1,Quail 09,2008,cu,0.001
1,Quail 09,2008,sb,0.001
1,Quail 09,2008,zn,0.08870967741935484
1,Quail 09,2008,ni,0.001
1,Quail 09,2008,mn,0.001
1,Sand 04,2008,pb,0.001
1,Sand 04,2008,as,0.001
1,Sand 04,2008,co,0.001
1,Sand 04,2008,cr,0.001
1,Sand 04,2008,cu,0.001
1,Sand 04,2008,sb,0.001
1,Sand 04,2008,zn,0.25
1,Sand 04,2008,ni,0.001
1,Sand 04,2008,mn,0.001
1,Strawn 10,2008,pb,1
1,Strawn 10,2008,as,0.001
1,Strawn 10,2008,co,0.001
1,Strawn 10,2008,cr,1
1,Strawn 10,2008,cu,0.6522842639593909
1,Strawn 10,2008,sb,0.001
1,Strawn 10,2008,zn,1
1,Strawn 10,2008,ni,0.001
1,Strawn 10,2008,mn,0.001
1,Strawn 11,2008,pb,0.001
1,Strawn 11,2008,as,0.001
1,Strawn 11,2008,co,0.001
1,Strawn 11,2008,cr,1
1,Strawn 11,2008,cu,0.001
1,Strawn 11,2008,sb,0.001
1,Strawn 11,2008,zn,0.001
1,Strawn 11,2008,ni,0.001
1,Strawn 11,2008,mn,0.001
1,Strawn 12,2008,pb,0.001
1,Strawn 12,2008,as,0.001
1,Strawn 12,2008,co,0.001
1,Strawn 12,2008,cr,1
1,Strawn 12,2008,cu,0.001
1,Strawn 12,2008,sb,0.001
1,Strawn 12,2008,zn,0.9476190476190476
1,Strawn 12,2008,ni,0.001
1,Strawn 12,2008,mn,0.001
1,Strawn 03,2008,pb,0.41335978835978837
1,Strawn 03,2008,as,0.001
1,Strawn 03,2008,co,0.001
1,Strawn 03,2008,cr,0.8135135135135135
1,Strawn 03,2008,cu,0.16427969671440606
1,Strawn 03,2008,sb,0.001
1,Strawn 03,2008,zn,0.001
1,Strawn 03,2008,ni,0.001
1,Strawn 03,2008,mn,0.001
1,Strawn 04,2008,pb,0.963302752293578
1,Strawn 04,2008,as,0.001
1,Strawn 04,2008,co,0.001
1,Strawn 04,2008,cr,0.001
1,Strawn 04,2008,cu,0.001
1,Strawn 04,2008,sb,0.6282051282051282
1,Strawn 04,2008,zn,0.15725806451612903
1,Strawn 04,2008,ni,0.001
1,Strawn 04,2008,mn,0.3
1,Strawn 05,2008,pb,0.6467889908256881
1,Strawn 05,2008,as,0.001
1,Strawn 05,2008,co,0.001
1,Strawn 05,2008,cr,0.8135135135135135
1,Strawn 05,2008,cu,0.001
1,Strawn 05,2008,sb,0.001
1,Strawn 05,2008,zn,0.001
1,Strawn 05,2008,ni,0.001
1,Strawn 05,2008,mn,0.001
1,Strawn 07,2008,pb,0.001
1,Strawn 07,2008,as,0.001
1,Strawn 07,2008,co,0.001
1,Strawn 07,2008,cr,0.6972972972972973
1,Strawn 07,2008,cu,0.001
1,Strawn 07,2008,sb,0.001
1,Strawn 07,2008,zn,0.001
1,Strawn 07,2008,ni,0.001
1,Strawn 07,2008,mn,0.001
1,Strawn 08,2008,pb,0.001
1,Strawn 08,2008,as,0.001
1,Strawn 08,2008,co,0.001
1,Strawn 08,2008,cr,0.001
1,Strawn 08,2008,cu,0.001
1,Strawn 08,2008,sb,0.001
1,Strawn 08,2008,zn,0.001
1,Strawn 08,2008,ni,0.001
1,Strawn 08,2008,mn,0.001
1,Strawn 09,2008,pb,0.6926605504587156
1,Strawn 09,2008,as,0.001
1,Strawn 09,2008,co,0.001
1,Strawn 09,2008,cr,0.001
1,Strawn 09,2008,cu,0.001
1,Strawn 09,2008,sb,0.001
1,Strawn 09,2008,zn,0.001
1,Strawn 09,2008,ni,1
1,Strawn 09,2008,mn,1
1,Whippoorwill 01,2008,pb,0.001
1,Whippoorwill 01,2008,as,0.001
1,Whippoorwill 01,2008,co,0.001
1,Whippoorwill 01,2008,cr,0.001
1,Whippoorwill 01,2008,cu,0.001
1,Whippoorwill 01,2008,sb,0.001
1,Whippoorwill 01,2008,zn,0.001
1,Whippoorwill 01,2008,ni,0.001
1,Whippoorwill 01,2008,mn,0.001
1,Whippoorwill 02,2008,pb,0.001
1,Whippoorwill 02,2008,as,0.001
1,Whippoorwill 02,2008,co,0.001
1,Whippoorwill 02,2008,cr,0.001
1,Whippoorwill 02,2008,cu,0.001
1,Whippoorwill 02,2008,sb,0.001
1,Whippoorwill 02,2008,zn,0.001
1,Whippoorwill 02,2008,ni,0.001
1,Whippoorwill 02,2008,mn,0.001
1,Whippoorwill 03,2008,pb,0.001
1,Whippoorwill 03,2008,as,0.001
1,Whippoorwill 03,2008,co,0.001
1,Whippoorwill 03,2008,cr,0.6675675675675676
1,Whippoorwill 03,2008,cu,0.001
1,Whippoorwill 03,2008,sb,0.001
1,Whippoorwill 03,2008,zn,0.33064516129032256
1,Whippoorwill 03,2008,ni,0.001
1,Whippoorwill 03,2008,mn,0.001
1,Whippoorwill 04,2008,pb,0.001
1,Whippoorwill 04,2008,as,0.001
1,Whippoorwill 04,2008,co,0.001
1,Whippoorwill 04,2008,cr,0.727027027027027
1,Whippoorwill 04,2008,cu,0.001
1,Whippoorwill 04,2008,sb,0.001
1,Whippoorwill 04,2008,zn,0.001
1,Whippoorwill 04,2008,ni,0.001
1,Whippoorwill 04,2008,mn,0.001
1,North Barren Batteries,2010,pb,0.001
1,North Barren Batteries,2010,as,0.001
1,North Barren Batteries,2010,co,0.001
1,North Barren Batteries,2010,cr,0.001
1,North Barren Batteries,2010,cu,0.001
1,North Barren Batteries,2010,sb,0.001
1,North Barren Batteries,2010,zn,0.001
1,North Barren Batteries,2010,ni,0.001
1,North Barren Batteries,2010,mn,0.001
1,Quail 09,2010,pb,0.001
1,Quail 09,2010,as,0.001
1,Quail 09,2010,co,0.001
1,Quail 09,2010,cr,0.001
1,Quail 09,2010,cu,0.001
1,Quail 09,2010,sb,0.001
1,Quail 09,2010,zn,0.125
1,Quail 09,2010,ni,0.001
1,Quail 09,2010,mn,0.001
1,Quail 09,2010,zn,0.1814516129032258
1,Banjos 01,2010,pb,0.001
1,Banjos 01,2010,as,0.001
1,Banjos 01,2010,co,0.001
1,Banjos 01,2010,cr,0.6783783783783783
1,Banjos 01,2010,cu,0.001
1,Banjos 01,2010,sb,0.001
1,Banjos 01,2010,zn,0.001
1,Banjos 01,2010,ni,0.001
1,Banjos 01,2010,mn,0.001
1,Big Eddies 01,2010,pb,0.001
1,Big Eddies 01,2010,as,0.001
1,Big Eddies 01,2010,co,0.001
1,Big Eddies 01,2010,cr,0.6783783783783783
1,Big Eddies 01,2010,cu,0.001
1,Big Eddies 01,2010,sb,0.001
1,Big Eddies 01,2010,zn,0.001
1,Big Eddies 01,2010,ni,0.001
1,Big Eddies 01,2010,mn,0.001
1,Big Eddies 02,2010,pb,0.001
1,Big Eddies 02,2010,as,0.001
1,Big Eddies 02,2010,co,0.001
1,Big Eddies 02,2010,cr,0.7027027027027027
1,Big Eddies 02,2010,cu,0.001
1,Big Eddies 02,2010,sb,0.001
1,Big Eddies 02,2010,zn,0.001
1,Big Eddies 02,2010,ni,0.001
1,Big Eddies 02,2010,mn,0.001
1,Big Eddies 03,2010,pb,0.001
1,Big Eddies 03,2010,as,0.001
1,Big Eddies 03,2010,co,0.001
1,Big Eddies 03,2010,cr,0.7189189189189189
1,Big Eddies 03,2010,cu,0.001
1,Big Eddies 03,2010,sb,0.001
1,Big Eddies 03,2010,zn,0.001
1,Big Eddies 03,2010,ni,0.001
1,Big Eddies 03,2010,mn,0.001
1,Big Eddies 04,2010,pb,0.001
1,Big Eddies 04,2010,as,0.001
1,Big Eddies 04,2010,co,0.001
1,Big Eddies 04,2010,cr,0.6486486486486487
1,Big Eddies 04,2010,cu,0.001
1,Big Eddies 04,2010,sb,0.001
1,Big Eddies 04,2010,zn,0.001
1,Big Eddies 04,2010,ni,0.001
1,Big Eddies 04,2010,mn,0.001
1,Big Eddies 05,2010,pb,0.001
1,Big Eddies 05,2010,as,0.001
1,Big Eddies 05,2010,co,0.001
1,Big Eddies 05,2010,cr,0.001
1,Big Eddies 05,2010,cu,0.001
1,Big Eddies 05,2010,sb,0.001
1,Big Eddies 05,2010,zn,0.001
1,Big Eddies 05,2010,ni,0.001
1,Big Eddies 05,2010,mn,0.001
1,Channel Marker Buoy 01,2010,pb,0.001
1,Channel Marker Buoy 01,2010,as,0.001
1,Channel Marker Buoy 01,2010,co,0.001
1,Channel Marker Buoy 01,2010,cr,0.4875717017208413
1,Channel Marker Buoy 01,2010,cu,0.001
1,Channel Marker Buoy 01,2010,sb,0.001
1,Channel Marker Buoy 01,2010,zn,0.001
1,Channel Marker Buoy 01,2010,ni,0.001
1,Channel Marker Buoy 01,2010,mn,0.001
1,Cookies 01,2010,pb,0.001
1,Cookies 01,2010,as,0.001
1,Cookies 01,2010,co,0.001
1,Cookies 01,2010,cr,0.6594594594594595
1,Cookies 01,2010,cu,0.001
1,Cookies 01,2010,sb,0.001
1,Cookies 01,2010,zn,0.001
1,Cookies 01,2010,ni,0.001
1,Cookies 01,2010,mn,0.001
1,Cookies 02,2010,pb,0.001
1,Cookies 02,2010,as,0.001
1,Cookies 02,2010,co,0.001
1,Cookies 02,2010,cr,0.4875717017208413
1,Cookies 02,2010,cu,0.001
1,Cookies 02,2010,sb,0.001
1,Cookies 02,2010,zn,0.001
1,Cookies 02,2010,ni,0.001
1,Cookies 02,2010,mn,0.001
1,Cooper 01,2010,pb,0.001
1,Cooper 01,2010,as,0.001
1,Cooper 01,2010,co,0.001
1,Cooper 01,2010,cr,0.001
1,Cooper 01,2010,cu,0.001
1,Cooper 01,2010,sb,0.001
1,Cooper 01,2010,zn,0.001
1,Cooper 01,2010,ni,0.001
1,Cooper 01,2010,mn,0.001
1,Cooper 02,2010,pb,0.001
1,Cooper 02,2010,as,0.001
1,Cooper 02,2010,co,0.001
1,Cooper 02,2010,cr,0.6864864864864865
1,Cooper 02,2010,cu,0.001
1,Cooper 02,2010,sb,0.001
1,Cooper 02,2010,zn,0.001
1,Cooper 02,2010,ni,0.001
1,Cooper 02,2010,mn,0.001
1,Dock 01,2010,pb,0.001
1,Dock 01,2010,as,0.001
1,Dock 01,2010,co,0.001
1,Dock 01,2010,cr,0.001
1,Dock 01,2010,cu,0.001
1,Dock 01,2010,sb,0.001
1,Dock 01,2010,zn,0.001
1,Dock 01,2010,ni,0.001
1,Dock 01,2010,mn,0.001
1,Down East 01,2010,pb,0.001
1,Down East 01,2010,as,0.001
1,Down East 01,2010,co,0.001
1,Down East 01,2010,cr,0.654054054054054
1,Down East 01,2010,cu,0.001
1,Down East 01,2010,sb,0.001
1,Down East 01,2010,zn,0.001
1,Down East 01,2010,ni,0.001
1,Down East 01,2010,mn,0.001
1,Down East 02,2010,pb,0.001
1,Down East 02,2010,as,0.001
1,Down East 02,2010,co,0.001
1,Down East 02,2010,cr,0.497131931166348
1,Down East 02,2010,cu,0.001
1,Down East 02,2010,sb,0.001
1,Down East 02,2010,zn,0.001
1,Down East 02,2010,ni,0.001
1,Down East 02,2010,mn,0.001
1,East 01,2010,pb,0.001
1,East 01,2010,as,0.001
1,East 01,2010,co,0.001
1,East 01,2010,cr,0.7297297297297297
1,East 01,2010,cu,0.001
1,East 01,2010,sb,0.001
1,East 01,2010,zn,0.001
1,East 01,2010,ni,0.001
1,East 01,2010,mn,0.001
1,Lost Lagoon 01,2010,pb,0.001
1,Lost Lagoon 01,2010,as,0.001
1,Lost Lagoon 01,2010,co,0.001
1,Lost Lagoon 01,2010,cr,0.6891891891891893
1,Lost Lagoon 01,2010,cu,0.001
1,Lost Lagoon 01,2010,sb,0.001
1,Lost Lagoon 01,2010,zn,0.001
1,Lost Lagoon 01,2010,ni,0.001
1,Lost Lagoon 01,2010,mn,0.001
1,Fighter Strip 01,2010,pb,0.001
1,Fighter Strip 01,2010,as,0.001
1,Fighter Strip 01,2010,co,0.001
1,Fighter Strip 01,2010,cr,0.6810810810810811
1,Fighter Strip 01,2010,cu,0.001
1,Fighter Strip 01,2010,sb,0.001
1,Fighter Strip 01,2010,zn,0.001
1,Fighter Strip 01,2010,ni,0.001
1,Fighter Strip 01,2010,mn,0.001
1,Galley 01,2010,pb,0.001
1,Galley 01,2010,as,0.001
1,Galley 01,2010,co,0.001
1,Galley 01,2010,cr,0.6513513513513514
1,Galley 01,2010,cu,0.001
1,Galley 01,2010,sb,0.001
1,Galley 01,2010,zn,0.001
1,Galley 01,2010,ni,0.001
1,Galley 01,2010,mn,0.001
1,Kayak Dock 01,2010,pb,0.001
1,Kayak Dock 01,2010,as,0.001
1,Kayak Dock 01,2010,co,0.001
1,Kayak Dock 01,2010,cr,0.6675675675675676
1,Kayak Dock 01,2010,cu,0.001
1,Kayak Dock 01,2010,sb,0.001
1,Kayak Dock 01,2010,zn,0.001
1,Kayak Dock 01,2010,ni,0.001
1,Kayak Dock 01,2010,mn,0.001
1,Menge 1 4 01,2010,pb,0.001
1,Menge 1 4 01,2010,as,0.001
1,Menge 1 4 01,2010,co,0.001
1,Menge 1 4 01,2010,cr,0.6891891891891893
1,Menge 1 4 01,2010,cu,0.001
1,Menge 1 4 01,2010,sb,0.001
1,Menge 1 4 01,2010,zn,0.001
1,Menge 1 4 01,2010,ni,0.001
1,Menge 1 4 01,2010,mn,0.001
1,Nursery  01,2010,pb,0.001
1,Nursery  01,2010,as,0.001
1,Nursery  01,2010,co,0.001
1,Nursery  01,2010,cr,0.001
1,Nursery  01,2010,cu,0.001
1,Nursery  01,2010,sb,0.001
1,Nursery  01,2010,zn,0.001
1,Nursery  01,2010,ni,0.001
1,Nursery  01,2010,mn,0.001
1,Nursery  02,2010,pb,0.001
1,Nursery  02,2010,as,0.001
1,Nursery  02,2010,co,0.001
1,Nursery  02,2010,cr,0.672972972972973
1,Nursery  02,2010,cu,0.001
1,Nursery  02,2010,sb,0.001
1,Nursery  02,2010,zn,0.001
1,Nursery  02,2010,ni,0.001
1,Nursery  02,2010,mn,0.001
1,Nusery  03,2010,pb,0.001
1,Nusery  03,2010,as,0.001
1,Nusery  03,2010,co,0.001
1,Nusery  03,2010,cr,0.7
1,Nusery  03,2010,cu,0.001
1,Nusery  03,2010,sb,0.001
1,Nusery  03,2010,zn,0.001
1,Nusery  03,2010,ni,0.001
1,Nusery  03,2010,mn,0.001
1,Off Runway 01,2010,pb,0.001
1,Off Runway 01,2010,as,0.001
1,Off Runway 01,2010,co,0.001
1,Off Runway 01,2010,cr,0.001
1,Off Runway 01,2010,cu,0.001
1,Off Runway 01,2010,sb,0.001
1,Off Runway 01,2010,zn,0.001
1,Off Runway 01,2010,ni,0.001
1,Off Runway 01,2010,mn,0.001
1,Paradise 01,2010,pb,0.001
1,Paradise 01,2010,as,0.001
1,Paradise 01,2010,co,0.001
1,Paradise 01,2010,cr,0.001
1,Paradise 01,2010,cu,0.001
1,Paradise 01,2010,sb,0.001
1,Paradise 01,2010,zn,0.001
1,Paradise 01,2010,ni,0.001
1,Paradise 01,2010,mn,0.001
1,Paradise Fish 01,2010,pb,0.001
1,Paradise Fish 01,2010,as,0.001
1,Paradise Fish 01,2010,co,0.001
1,Paradise Fish 01,2010,cr,0.6621621621621622
1,Paradise Fish 01,2010,cu,0.001
1,Paradise Fish 01,2010,sb,0.001
1,Paradise Fish 01,2010,zn,0.001
1,Paradise Fish 01,2010,ni,0.001
1,Paradise Fish 01,2010,mn,0.001
1,Penguin Spit  01,2010,pb,0.001
1,Penguin Spit  01,2010,as,0.001
1,Penguin Spit  01,2010,co,0.001
1,Penguin Spit  01,2010,cr,0.001
1,Penguin Spit  01,2010,cu,0.001
1,Penguin Spit  01,2010,sb,0.001
1,Penguin Spit  01,2010,zn,0.001
1,Penguin Spit  01,2010,ni,0.001
1,Penguin Spit  01,2010,mn,0.001
1,Penguin Spit 02,2010,pb,0.001
1,Penguin Spit 02,2010,as,0.001
1,Penguin Spit 02,2010,co,0.001
1,Penguin Spit 02,2010,cr,0.654054054054054
1,Penguin Spit 02,2010,cu,0.001
1,Penguin Spit 02,2010,sb,0.001
1,Penguin Spit 02,2010,zn,0.001
1,Penguin Spit 02,2010,ni,0.001
1,Penguin Spit 02,2010,mn,0.001
1,Black Lagoon 01,2010,pb,0.001
1,Black Lagoon 01,2010,as,0.001
1,Black Lagoon 01,2010,co,0.001
1,Black Lagoon 01,2010,cr,0.001
1,Black Lagoon 01,2010,cu,0.001
1,Black Lagoon 01,2010,sb,0.001
1,Black Lagoon 01,2010,zn,0.001
1,Black Lagoon 01,2010,ni,0.001
1,Black Lagoon 01,2010,mn,0.001
1,Sixes 01,2010,pb,0.001
1,Sixes 01,2010,as,0.001
1,Sixes 01,2010,co,0.001
1,Sixes 01,2010,cr,0.6702702702702703
1,Sixes 01,2010,cu,0.001
1,Sixes 01,2010,sb,0.001
1,Sixes 01,2010,zn,0.001
1,Sixes 01,2010,ni,0.001
1,Sixes 01,2010,mn,0.001
1,Sixes 02,2010,pb,0.001
1,Sixes 02,2010,as,0.001
1,Sixes 02,2010,co,0.001
1,Sixes 02,2010,cr,0.6594594594594595
1,Sixes 02,2010,cu,0.001
1,Sixes 02,2010,sb,0.001
1,Sixes 02,2010,zn,0.001
1,Sixes 02,2010,ni,0.001
1,Sixes 02,2010,mn,0.001
1,Sixes 03,2010,pb,0.001
1,Sixes 03,2010,as,0.001
1,Sixes 03,2010,co,0.001
1,Sixes 03,2010,cr,0.6486486486486487
1,Sixes 03,2010,cu,0.001
1,Sixes 03,2010,sb,0.001
1,Sixes 03,2010,zn,0.001
1,Sixes 03,2010,ni,0.001
1,Sixes 03,2010,mn,0.001
1,Sixes 04,2010,pb,0.001
1,Sixes 04,2010,as,0.001
1,Sixes 04,2010,co,0.001
1,Sixes 04,2010,cr,0.6621621621621622
1,Sixes 04,2010,cu,0.001
1,Sixes 04,2010,sb,0.001
1,Sixes 04,2010,zn,0.001
1,Sixes 04,2010,ni,0.001
1,Sixes 04,2010,mn,0.001
1,Smitty 01,2010,pb,0.001
1,Smitty 01,2010,as,0.001
1,Smitty 01,2010,co,0.001
1,Smitty 01,2010,cr,0.001
1,Smitty 01,2010,cu,0.001
1,Smitty 01,2010,sb,0.001
1,Smitty 01,2010,zn,0.001
1,Smitty 01,2010,ni,0.001
1,Smitty 01,2010,mn,0.001
1,Smitty 02,2010,pb,0.001
1,Smitty 02,2010,as,0.001
1,Smitty 02,2010,co,0.001
1,Smitty 02,2010,cr,0.001
1,Smitty 02,2010,cu,0.001
1,Smitty 02,2010,sb,0.001
1,Smitty 02,2010,zn,0.001
1,Smitty 02,2010,ni,0.001
1,Smitty 02,2010,mn,0.001
1,Sunset Lanai 01,2010,pb,0.001
1,Sunset Lanai 01,2010,as,0.001
1,Sunset Lanai 01,2010,co,0.001
1,Sunset Lanai 01,2010,cr,0.6567567567567567
1,Sunset Lanai 01,2010,cu,0.001
1,Sunset Lanai 01,2010,sb,0.001
1,Sunset Lanai 01,2010,zn,0.001
1,Sunset Lanai 01,2010,ni,0.001
1,Sunset Lanai 01,2010,mn,0.001
1,Swimming Hole 01,2010,pb,0.001
1,Swimming Hole 01,2010,as,0.001
1,Swimming Hole 01,2010,co,0.001
1,Swimming Hole 01,2010,cr,0.654054054054054
1,Swimming Hole 01,2010,cu,0.001
1,Swimming Hole 01,2010,sb,0.001
1,Swimming Hole 01,2010,zn,0.001
1,Swimming Hole 01,2010,ni,0.001
1,Swimming Hole 01,2010,mn,0.001
1,Turtle Hole 01,2010,pb,0.001
1,Turtle Hole 01,2010,as,0.001
1,Turtle Hole 01,2010,co,0.001
1,Turtle Hole 01,2010,cr,0.6756756756756757
1,Turtle Hole 01,2010,cu,0.001
1,Turtle Hole 01,2010,sb,0.001
1,Turtle Hole 01,2010,zn,0.001
1,Turtle Hole 01,2010,ni,0.001
1,Turtle Hole 01,2010,mn,0.001
1,NE Turtle Hole 01,2010,pb,0.001
1,NE Turtle Hole 01,2010,as,0.001
1,NE Turtle Hole 01,2010,co,0.001
1,NE Turtle Hole 01,2010,cr,0.001
1,NE Turtle Hole 01,2010,cu,0.001
1,NE Turtle Hole 01,2010,sb,0.001
1,NE Turtle Hole 01,2010,zn,0.001
1,NE Turtle Hole 01,2010,ni,0.001
1,NE Turtle Hole 01,2010,mn,0.001
1,Dudley NOAA Buoy 01,2010,pb,0.001
1,Dudley NOAA Buoy 01,2010,as,0.001
1,Dudley NOAA Buoy 01,2010,co,0.001
1,Dudley NOAA Buoy 01,2010,cr,0.001
1,Dudley NOAA Buoy 01,2010,cu,0.001
1,Dudley NOAA Buoy 01,2010,sb,0.001
1,Dudley NOAA Buoy 01,2010,zn,0.001
1,Dudley NOAA Buoy 01,2010,ni,0.001
1,Dudley NOAA Buoy 01,2010,mn,0.001
1,Western Flats 01,2010,pb,0.001
1,Western Flats 01,2010,as,0.001
1,Western Flats 01,2010,co,0.001
1,Western Flats 01,2010,cr,0.6837837837837838
1,Western Flats 01,2010,cu,0.001
1,Western Flats 01,2010,sb,0.001
1,Western Flats 01,2010,zn,0.001
1,Western Flats 01,2010,ni,0.001
1,Western Flats 01,2010,mn,0.001
